{
    "Камера": {
        "Up": [
            0.5638308525085449,
            -0.3294057250022888,
            0.7573554515838623,
            0
        ],
        "Глаз": [
            270.1212463378906,
            -32.34544372558594,
            191.08445739746094,
            0
        ],
        "Центр": [
            -161.4009246826172,
            166.65090942382812,
            70.73894500732422,
            0
        ]
    },
    "Фигуры": [
        {
            "Shape": {
                "i": [
                    1,
                    0,
                    0,
                    0
                ],
                "j": [
                    0,
                    1,
                    0,
                    0
                ],
                "k": [
                    0,
                    0,
                    1,
                    0
                ],
                "Базовая точка": [
                    0,
                    0,
                    0,
                    0
                ],
                "Зарисовка": {
                    "Зелёный": 128,
                    "Красный": 128,
                    "Синий": 128
                },
                "Матрица модификаций": [
                    [
                        1,
                        0,
                        0,
                        0
                    ],
                    [
                        0,
                        1,
                        0,
                        0
                    ],
                    [
                        0,
                        0,
                        1,
                        0
                    ],
                    [
                        0,
                        0,
                        0,
                        1
                    ]
                ],
                "Цвет": {
                    "Зелёный": 0,
                    "Красный": 0,
                    "Синий": 0
                }
            },
            "Высота батареи": 50,
            "Высота курка": 10,
            "Высота ручки": 100,
            "Длина батареи": 125,
            "Длина корпуса": 150,
            "Длина курка": 10,
            "Длина рабочей части": 15,
            "Длина сверла": 50,
            "Количество переключателей": 1,
            "Радиус корпуса": 30,
            "Радиус рабочей части": 30,
            "Радиус ручки (по у)": 20,
            "Радиус ручки (по х)": 20,
            "Радиус сверла": 1,
            "Радиус сферы": 25,
            "Тип": "Материнская плата",
            "Ширина батареи": 70
        },
        {
            "Shape": {
                "i": [
                    0.604022741317749,
                    -0.21984638273715973,
                    0.7660444378852844,
                    0
                ],
                "j": [
                    0.34202009439468384,
                    0.9396926164627075,
                    0,
                    0
                ],
                "k": [
                    -0.719846248626709,
                    0.2620026469230652,
                    0.6427876949310303,
                    0
                ],
                "Базовая точка": [
                    13,
                    2,
                    0,
                    0
                ],
                "Зарисовка": {
                    "Зелёный": 128,
                    "Красный": 128,
                    "Синий": 128
                },
                "Матрица модификаций": [
                    [
                        0.6040229797363281,
                        0.342020183801651,
                        -0.7198465466499329,
                        0
                    ],
                    [
                        -0.21984654664993286,
                        0.9396927952766418,
                        0.2620026767253876,
                        0
                    ],
                    [
                        0.7660446166992188,
                        1.8418637282024974e-08,
                        0.6427879333496094,
                        0
                    ],
                    [
                        0,
                        0,
                        0,
                        1
                    ]
                ],
                "Цвет": {
                    "Зелёный": 0,
                    "Красный": 0,
                    "Синий": 0
                }
            },
            "Высота батареи": 50,
            "Высота курка": 10,
            "Высота ручки": 100,
            "Длина батареи": 125,
            "Длина корпуса": 150,
            "Длина курка": 10,
            "Длина рабочей части": 15,
            "Длина сверла": 50,
            "Количество переключателей": 1,
            "Радиус корпуса": 30,
            "Радиус рабочей части": 30,
            "Радиус ручки (по у)": 20,
            "Радиус ручки (по х)": 20,
            "Радиус сверла": 1,
            "Радиус сферы": 25,
            "Тип": "Материнская плата",
            "Ширина батареи": 70
        }
    ]
}
